{"cameraMode":{"drawMode":0,"name":"Shaded","section":"Shading Mode"},"sceneLighting":true,"audioPlay":false,"sceneViewState":{"m_AlwaysRefresh":false,"showFog":true,"showSkybox":true,"showFlares":true,"showImageEffects":true,"showParticleSystems":true,"showVisualEffectGraphs":true,"m_FxEnabled":true},"in2DMode":false,"pivot":{"x":-30.27057456970215,"y":3.6127662658691408,"z":-11.074958801269532},"rotation":{"x":0.1138099730014801,"y":-0.5689230561256409,"z":0.07988443970680237,"w":0.8105477094650269},"size":42.701332092285159,"orthographic":true}